"Purchase_ID","Date_Received","Drug_Name","Supplier_Name","Batch_Number","Qty_Received","Unit_Cost_Price","Total_Purchase_Cost","Expiry_Date","Date"
"PO-1001","2023-01-01","Dolo 650","Apollo Supply Chain","DOL-2301-95","789","23.17","18281.13","2024-12-31",""
"PO-1002","2023-01-01","Azithral 500","Hetero Healthcare","AZI-2301-67","1330","88.83","118143.9","2024-12-31",""
"PO-1003","2023-01-01","Pan 40","MedPlus Mart","PAN-2301-58","979","109.83","107523.57","2024-12-31",""
"PO-1004","2023-01-01","Glycomet 500","Hetero Healthcare","GLY-2301-13","896","17.53","15706.88","2024-12-31",""
"PO-1005","2023-01-01","Telma 40","MedPlus Mart","TEL-2301-80","677","171.15","115868.55","2024-12-31",""
"PO-1006","2023-01-01","Allegra 120","MedPlus Mart","ALL-2301-79","597","153.73","91776.81","2024-12-31",""
"PO-1007","2023-01-11","Dolo 650","Apollo Supply Chain","DOL-2301-50","768","22.31","17134.08","2025-01-10",""
"PO-1008","2023-01-11","Azithral 500","Hetero Healthcare","AZI-2301-61","1590","84.6","134514","2025-01-10",""
"PO-1009","2023-01-11","Pan 40","Apollo Supply Chain","PAN-2301-29","903","108.64","98101.92","2025-01-10",""
"PO-1010","2023-01-11","Glycomet 500","Apollo Supply Chain","GLY-2301-55","834","16.57","13819.38","2025-01-10",""
"PO-1011","2023-01-11","Telma 40","Hetero Healthcare","TEL-2301-73","646","161.05","104038.3","2025-01-10",""
"PO-1012","2023-01-11","Allegra 120","MedPlus Mart","ALL-2301-89","740","141.37","104613.8","2025-01-10",""
"PO-1013","2023-01-29","Dolo 650","Apollo Supply Chain","DOL-2301-86","749","22.33","16725.17","2025-01-28",""
"PO-1014","2023-01-29","Azithral 500","Hetero Healthcare","AZI-2301-28","1498","90.44","135479.12","2025-01-28",""
"PO-1015","2023-01-29","Pan 40","Hetero Healthcare","PAN-2301-18","857","114.47","98100.79","2025-01-28",""
"PO-1016","2023-01-29","Glycomet 500","MedPlus Mart","GLY-2301-17","978","17.19","16811.82","2025-01-28",""
"PO-1017","2023-01-29","Telma 40","Hetero Healthcare","","772","159.2","122902.4","2025-01-28",""
"PO-1018","2023-01-29","Allegra 120","Hetero Healthcare","ALL-2301-41","640","155.84","99737.6","2025-01-28",""
"PO-1019","2023-02-17","Dolo 650","MedPlus Mart","DOL-2302-21","975","21.97","21420.75","2025-02-16",""
"PO-1020","2023-02-17","Azithral 500","Apollo Supply Chain","AZI-2302-52","787","89.28","70263.36","2025-02-16",""
"PO-1021","2023-02-17","Pan 40","Hetero Healthcare","PAN-2302-32","688","121.12","83330.56","2025-02-16",""
"PO-1022","2023-02-17","Glycomet 500","Hetero Healthcare","GLY-2302-38","832","17.67","14701.44","2025-02-16",""
"PO-1023","2023-02-17","Telma 40","MedPlus Mart","TEL-2302-25","520","159.99","83194.8","2025-02-16",""
"PO-1024","2023-02-17","Allegra 120","Hetero Healthcare","ALL-2302-47","1399","141.53","198000.47","2025-02-16",""
"PO-1025","2023-03-08","Dolo 650","Hetero Healthcare","DOL-2303-46","755","23.79","17961.45","2025-03-07",""
"PO-1026","2023-03-08","Azithral 500","Apollo Supply Chain","AZI-2303-21","579","88.31","51131.49","2025-03-07",""
"PO-1027","2023-03-08","Pan 40","Hetero Healthcare","PAN-2303-37","938","116.28","109070.64","2025-03-07",""
"PO-1028","2023-03-08","Glycomet 500","Apollo Supply Chain","GLY-2303-82","798","17.41","13893.18","2025-03-07",""
"PO-1029","2023-03-08","Telma 40","Hetero Healthcare","TEL-2303-57","980","162.54","159289.2","2025-03-07",""
"PO-1030","2023-03-08","Allegra 120","Hetero Healthcare","ALL-2303-18","1803","143.14","258081.42","2025-03-07",""
"PO-1031","2023-03-21","Dolo 650","Hetero Healthcare","DOL-2303-70","994","23.5","23359","2025-03-20",""
"PO-1032","2023-03-21","Azithral 500","Apollo Supply Chain","AZI-2303-88","582","91.21","53084.22","2025-03-20",""
"PO-1033","2023-03-21","Pan-40","Apollo Supply Chain","PAN-2303-30","721","111.9","80679.9","2025-03-20",""
"PO-1034","2023-03-21","Glycomet 500","Hetero Healthcare","GLY-2303-71","857","17.7","15168.9","2025-03-20",""
"PO-1035","2023-03-21","Telma 40","Hetero Healthcare","TEL-2303-20","884","162.7","143826.8","2025-03-20",""
"PO-1036","2023-03-21","Allegra 120","Apollo Supply Chain","ALL-2303-90","1291","149.71","193275.61","2025-03-20",""
"PO-1037","2023-04-09","Dolo 650","Apollo Supply Chain","DOL-2304-73","657","21.49","14118.93","2025-04-08",""
"PO-1038","2023-04-09","Azithral 500","MedPlus Mart","AZI-2304-26","931","88.36","82263.16","2025-04-08",""
"PO-1039","2023-04-09","Pan 40","Hetero Healthcare","PAN-2304-91","796","112.81","89796.76","2025-04-08",""
"PO-1040","2023-04-09","Glycomet 500","MedPlus Mart","GLY-2304-26","533","17.35","9247.55","2025-04-08",""
"PO-1041","2023-04-09","Telma 40","Apollo Supply Chain","","610","160.08","97648.8","2025-04-08",""
"PO-1042","2023-04-09","Allegra 120","MedPlus Mart","ALL-2304-29","825","157.58","130003.5","2025-04-08",""
"PO-1043","2023-04-19","Dolo 650","MedPlus Mart","DOL-2304-79","513","23.68","12147.84","2025-04-18",""
"PO-1044","2023-04-19","Azithral 500","MedPlus Mart","AZI-2304-30","744","93.53","69586.32","2025-04-18",""
"PO-1045","2023-04-19","Pan 40","Hetero Healthcare","PAN-2304-54","595","117.9","70150.5","2025-04-18",""
"PO-1046","2023-04-19","Glycomet 500","Hetero Healthcare","GLY-2304-25","668","16.73","11175.64","2025-04-18",""
"PO-1047","2023-04-19","Telma 40","Apollo Supply Chain","TEL-2304-16","901","159.87","144042.87","2025-04-18",""
"PO-1048","2023-04-19","Allegra 120","MedPlus Mart","ALL-2304-77","624","151.25","94380","2025-04-18",""
"PO-1049","2023-05-03","Dolo 650","Apollo Supply Chain","DOL-2305-12","1817","21.31","38720.27","2025-05-02",""
"PO-1050","2023-05-03","Azithral 500","MedPlus Mart","AZI-2305-56","855","91.74","78437.7","2025-05-02",""
"PO-1051","2023-05-03","Pan 40","MedPlus Mart","PAN-2305-91","881","110.27","97147.87","2025-05-02",""
"PO-1052","2023-05-03","Glycomet 500","Apollo Supply Chain","GLY-2305-80","527","16.26","8569.02","2025-05-02",""
"PO-1053","2023-05-03","Telma 40","Hetero Healthcare","TEL-2305-49","688","165.77","114049.76","2025-05-02",""
"PO-1054","2023-05-03","Allegra 120","Apollo Supply Chain","ALL-2305-35","662","151.98","100610.76","2025-05-02",""
"PO-1055","2023-05-15","Dolo 650","Apollo Supply Chain","DOL-2305-67","1193","21.56","25721.08","2025-05-14",""
"PO-1056","2023-05-15","Azithral 500","Hetero Healthcare","AZI-2305-84","875","88.81","77708.75","2025-05-14",""
"PO-1057","2023-05-15","Pan 40","Apollo Supply Chain","PAN-2305-20","993","-119.9","119060.7","2025-05-14",""
"PO-1058","2023-05-15","Glycomet 500","MedPlus Mart","GLY-2305-65","630","16.14","10168.2","2025-05-14",""
"PO-1059","2023-05-15","Telma 40","MedPlus Mart","TEL-2305-98","773","172.59","133412.07","2025-05-14",""
"PO-1060","2023-05-15","Allegra 120","Hetero Healthcare","ALL-2305-58","973","149.34","145307.82","2025-05-14",""
"PO-1061","2023-06-03","Dolo 650","MedPlus Mart","DOL-2306-93","1593","22.13","35253.09","2025-06-02",""
"PO-1062","2023-06-03","Azithral 500","Apollo Supply Chain","AZI-2306-19","979","841.5","82382.85","2025-06-02",""
"PO-1063","2023-06-03","Pan 40","Apollo Supply Chain","PAN-2306-73","596","111.55","66483.8","2025-06-02",""
"PO-1064","2023-06-03","Glycomet 500","Hetero Healthcare","GLY-2306-76","748","16.07","12020.36","2025-06-02",""
"PO-1065","2023-06-03","Telma 40","Apollo Supply Chain","TEL-2306-18","977","154.69","151132.13","2025-06-02",""
"PO-1066","2023-06-03","Allegra 120","Hetero Healthcare","ALL-2306-14","700","147.49","103243","2025-06-02",""
"PO-1067","2023-06-14","Dolo 650","Apollo Supply Chain","DOL-2306-47","1541","21.13","32561.33","2025-06-13","2099-01-01"
"PO-1068","2023-06-14","Azithral 500","Hetero Healthcare","AZI-2306-16","513","84.36","43276.68","2025-06-13",""
"PO-1069","2023-06-14","Pan 40","MedPlus Mart","","733","116.4","85321.2","2025-06-13",""
"PO-1070","2023-06-14","Glycomet 500","Apollo Supply Chain","GLY-2306-20","774","17.61","13630.14","2025-06-13",""
"PO-1071","2023-06-14","Telma-40","Apollo Supply Chain","TEL-2306-65","616","160.19","98677.04","2025-06-13",""
"PO-1072","2023-06-14","Allegra 120","MedPlus Mart","ALL-2306-84","613","142.52","87364.76","2025-06-13",""
"PO-1073","2023-07-04","Dolo 650","MedPlus Mart","DOL-2307-25","1191","21.15","25189.65","2025-07-03",""
"PO-1074","2023-07-04","Azithral 500","Hetero Healthcare","AZI-2307-51","727","84.54","61460.58","2025-07-03",""
"PO-1075","2023-07-04","Pan 40","Apollo Supply Chain","PAN-2307-41","855","113.48","97025.4","2025-07-03",""
"PO-1076","2023-07-04","Glycomet 500","MedPlus Mart","","798","16.2","12927.6","2025-07-03",""
"PO-1077","2023-07-04","Telma 40","Hetero Healthcare","TEL-2307-85","683","163.56","111711.48","2025-07-03",""
"PO-1078","2023-07-04","Allegra 120","Hetero Healthcare","ALL-2307-47","629","138.8","87305.2","2025-07-03",""
"PO-1079","2023-07-18","Dolo 650","Hetero Healthcare","DOL-2307-98","1217","21.24","25849.08","2025-07-17",""
"PO-1080","2023-07-18","Azithral 500","Hetero Healthcare","","634","87.12","55234.08","2025-07-17",""
"PO-1081","2023-07-18","Pan 40","Apollo Supply Chain","PAN-2307-94","564","117.59","66320.76","2025-07-17",""
"PO-1082","2023-07-18","Glycomet 500","Hetero Healthcare","GLY-2307-43","780","17.52","13665.6","2025-07-17",""
"PO-1083","2023-07-18","Telma 40","Hetero Healthcare","TEL-2307-62","892","173.31","154592.52","2025-07-17",""
"PO-1084","2023-07-18","Allegra 120","MedPlus Mart","ALL-2307-16","963","150.3","144738.9","2025-07-17",""
"PO-1085","2023-08-03","Dolo 650","Apollo Supply Chain","DOL-2308-32","1493","23.23","34682.39","2025-08-02",""
"PO-1086","2023-08-03","Azithral 500","MedPlus Mart","AZI-2308-85","985","84.26","82996.1","2025-08-02",""
"PO-1087","2023-08-03","Pan 40","Hetero Healthcare","PAN-2308-70","815","119.45","97351.75","2025-08-02",""
"PO-1088","2023-08-03","Glycomet 500","Hetero Healthcare","GLY-2308-59","696","16.38","11400.48","2025-08-02",""
"PO-1089","2023-08-03","Telma 40","MedPlus Mart","TEL-2308-27","596","162.37","96772.52","2025-08-02",""
"PO-1090","2023-08-03","Allegra 120","Apollo Supply Chain","ALL-2308-46","596","142.61","84995.56","2025-08-02",""
"PO-1091","2023-08-18","Dolo 650","Apollo Supply Chain","DOL-2308-77","1488","21.21","31560.48","2025-08-17",""
"PO-1092","2023-08-18","Azithral 500","Hetero Healthcare","AZI-2308-12","912","83.71","76343.52","2025-08-17",""
"PO-1093","2023-08-18","Pan 40","Apollo Supply Chain","PAN-2308-52","965","122.21","117932.65","2025-08-17",""
"PO-1094","2023-08-18","Glycomet 500","MedPlus Mart","GLY-2308-94","981","15.88","15578.28","2025-08-17",""
"PO-1095","2023-08-18","Telma 40","Hetero Healthcare","TEL-2308-56","786","161.73","127119.78","2025-08-17",""
"PO-1096","2023-08-18","Allegra 120","Apollo Supply Chain","ALL-2308-50","537","157.81","84743.97","2025-08-17",""
"PO-1097","2023-09-07","Dolo 650","Hetero Healthcare","DOL-2309-37","578","23.7","13698.6","2025-09-06",""
"PO-1098","2023-09-07","Azithral 500","Hetero Healthcare","AZI-2309-32","965","86.18","83163.7","2025-09-06",""
"PO-1099","2023-09-07","Pan 40","MedPlus Mart","PAN-2309-79","947","115.45","109331.15","2025-09-06",""
"PO-1100","2023-09-07","Glycomet 500","Apollo Supply Chain","GLY-2309-43","752","16.25","12220","2025-09-06",""
"PO-1101","2023-09-07","Telma 40","Apollo Supply Chain","TEL-2309-91","626","169.69","106225.94","2025-09-06",""
"PO-1102","2023-09-07","Allegra 120","MedPlus Mart","ALL-2309-79","1592","144.26","229661.92","2025-09-06",""
"PO-1103","2023-09-27","Dolo 650","MedPlus Mart","DOL-2309-40","907","23.89","21668.23","2025-09-26",""
"PO-1104","2023-09-27","Azithral 500","Hetero Healthcare","AZI-2309-11","768","85.63","65763.84","2025-09-26",""
"PO-1105","2023-09-27","Pan 40","Hetero Healthcare","PAN-2309-45","544","116.26","63245.44","2025-09-26",""
"PO-1106","2023-09-27","Glycomet 500","MedPlus Mart","GLY-2309-36","631","17.79","11225.49","2025-09-26",""
"PO-1107","2023-09-27","Telma 40","Hetero Healthcare","TEL-2309-35","812","159.75","129717","2025-09-26",""
"PO-1108","2023-09-27","Allegra 120","MedPlus Mart","ALL-2309-44","1365","144.13","196737.45","2025-09-26",""
"PO-1109","2023-10-14","Dolo 650","MedPlus Mart","DOL-2310-26","694","23.58","16364.52","2025-10-13",""
"PO-1110","2023-10-14","Azithral 500","MedPlus Mart","AZI-2310-62","1516","89.71","136000.36","2025-10-13",""
"PO-1111","2023-10-14","Pan 40","Hetero Healthcare","PAN-2310-32","628","114.96","72194.88","2025-10-13",""
"PO-1112","2023-10-14","Glycomet 500","Apollo Supply Chain","GLY-2310-17","529","16.34","8643.86","2025-10-13",""
"PO-1113","2023-10-14","Telma 40","Apollo Supply Chain","TEL-2310-39","767","170.93","131103.31","2025-10-13",""
"PO-1114","2023-10-14","Allegra 120","MedPlus Mart","ALL-2310-39","1292","146.07","188722.44","2025-10-13",""
"PO-1115","2023-10-28","Dolo 650","MedPlus Mart","DOL-2310-68","544","21.76","11837.44","2025-10-27",""
"PO-1116","2023-10-28","Azithral 500","Hetero Healthcare","AZI-2310-96","1434","86.97","124714.98","2025-10-27",""
"PO-1117","2023-10-28","Pan 40","MedPlus Mart","PAN-2310-84","541","117.41","63518.81","2025-10-27",""
"PO-1118","2023-10-28","Glycomet 500","Hetero Healthcare","GLY-2310-77","672","17.1","11491.2","2025-10-27",""
"PO-1119","2023-10-28","Telma 40","Hetero Healthcare","TEL-2310-32","935","173.44","162166.4","2025-10-27",""
"PO-1120","2023-10-28","Allegra-120","MedPlus Mart","ALL-2310-40","1689","151.34","255613.26","2025-10-27",""
"PO-1121","2023-11-14","Dolo 650","Apollo Supply Chain","DOL-2311-86","1837","22.01","40432.37","2025-11-13",""
"PO-1122","2023-11-14","Azithral 500","MedPlus Mart","AZI-2311-36","1523","92.77","141288.71","2025-11-13",""
"PO-1123","2023-11-14","Pan 40","MedPlus Mart","PAN-2311-45","729","115.41","84133.89","2025-11-13",""
"PO-1124","2023-11-14","Glycomet 500","Hetero Healthcare","GLY-2311-11","562","17.56","9868.72","2025-11-13",""
"PO-1125","2023-11-14","Telma 40","MedPlus Mart","TEL-2311-86","555","154.02","85481.1","2025-11-13",""
"PO-1126","2023-11-14","Allegra 120","Apollo Supply Chain","","941","153.45","144396.45","2025-11-13",""
"PO-1127","2023-11-28","Dolo 650","Hetero Healthcare","DOL-2311-14","1528","23.08","35266.24","2025-11-27",""
"PO-1128","2023-11-28","Azithral 500","Hetero Healthcare","AZI-2311-64","1327","87.98","116749.46","2025-11-27",""
"PO-1129","2023-11-28","Pan 40","Hetero Healthcare","PAN-2311-46","691","119.06","82270.46","2025-11-27",""
"PO-1130","2023-11-28","Glycomet 500","MedPlus Mart","GLY-2311-33","842","16.58","13960.36","2025-11-27",""
"PO-1131","2023-11-28","Telma 40","Hetero Healthcare","TEL-2311-77","738","162.96","120264.48","2025-11-27",""
"PO-1132","2023-11-28","Allegra 120","Hetero Healthcare","ALL-2311-39","823","150.22","123631.06","2025-11-27",""
"PO-1133","2023-12-09","Dolo 650","MedPlus Mart","DOL-2312-51","1458","23.74","34612.92","2025-12-08",""
"PO-1134","2023-12-09","Azithral 500","Hetero Healthcare","AZI-2312-68","1455","86.65","126075.75","2025-12-08",""
"PO-1135","2023-12-09","Pan 40","MedPlus Mart","PAN-2312-77","847","119.55","101258.85","2025-12-08",""
"PO-1136","2023-12-09","Glycomet 500","Apollo Supply Chain","GLY-2312-35","998","17.13","17095.74","2025-12-08",""
"PO-1137","2023-12-09","Telma 40","Hetero Healthcare","TEL-2312-25","512","173.78","88975.36","2025-12-08",""
"PO-1138","2023-12-09","Allegra 120","Hetero Healthcare","ALL-2312-51","775","154.25","119543.75","2025-12-08",""
"PO-1139","2023-12-28","Dolo 650","Hetero Healthcare","DOL-2312-56","1492","23.41","34927.72","2025-12-27",""
"PO-1140","2023-12-28","Azithral 500","Apollo Supply Chain","AZI-2312-77","1603","85.52","137088.56","2025-12-27",""
"PO-1141","2023-12-28","Pan 40","MedPlus Mart","PAN-2312-97","922","112.25","103494.5","2025-12-27",""
"PO-1142","2023-12-28","Glycomet 500","Hetero Healthcare","GLY-2312-88","968","17.41","16852.88","2025-12-27",""
"PO-1143","2023-12-28","Telma 40","MedPlus Mart","TEL-2312-38","804","173.6","139574.4","2025-12-27",""
"PO-1144","2023-12-28","Allegra-120","Apollo Supply Chain","ALL-2312-25","774","143.02","110697.48","2025-12-27",""
"PO-1145","2024-01-15","Dolo 650","Hetero Healthcare","DOL-2401-69","969","22.33","21637.77","2026-01-14",""
"PO-1146","2024-01-15","Azithral 500","Hetero Healthcare","AZI-2401-80","1131","89.54","101269.74","2026-01-14",""
"PO-1147","2024-01-15","Pan 40","MedPlus Mart","PAN-2401-43","607","112.11","68050.77","2026-01-14",""
"PO-1148","2024-01-15","Glycomet-500","Apollo Supply Chain","GLY-2401-35","970","16.86","16354.2","2026-01-14",""
"PO-1149","2024-01-15","Telma 40","MedPlus Mart","TEL-2401-86","908","161.86","146968.88","2026-01-14",""
"PO-1150","2024-01-15","Allegra 120","Apollo Supply Chain","ALL-2401-30","751","142.6","107092.6","2026-01-14",""
"PO-1151","2024-02-02","Dolo 650","MedPlus Mart","DOL-2402-92","644","22.13","14251.72","2026-02-01",""
"PO-1152","2024-02-02","Azithral 500","Apollo Supply Chain","AZI-2402-36","842","92.84","78171.28","2026-02-01",""
"PO-1153","2024-02-02","Pan 40","Apollo Supply Chain","PAN-2402-72","637","121.4","77331.8","2026-02-01",""
"PO-1154","2024-02-02","Glycomet 500","Hetero Healthcare","GLY-2402-49","766","16.27","12462.82","2026-02-01",""
"PO-1155","2024-02-02","Telma 40","Hetero Healthcare","TEL-2402-25","545","160.47","87456.15","2026-02-01",""
"PO-1156","2024-02-02","Allegra 120","Apollo Supply Chain","ALL-2402-77","1771","146.34","259168.14","2026-02-01",""
"PO-1157","2024-02-22","Dolo 650","MedPlus Mart","DOL-2402-82","836","23.59","19721.24","2026-02-21",""
"PO-1158","2024-02-22","Azithral 500","Apollo Supply Chain","AZI-2402-40","937","86.87","81397.19","2026-02-21",""
"PO-1159","2024-02-22","Pan 40","Hetero Healthcare","PAN-2402-25","849","112.91","95860.59","2026-02-21",""
"PO-1160","2024-02-22","Glycomet 500","Hetero Healthcare","GLY-2402-61","721","16.23","11701.83","2026-02-21",""
"PO-1161","2024-02-22","Telma 40","MedPlus Mart","TEL-2402-65","760","156.77","119145.2","2026-02-21",""
"PO-1162","2024-02-22","Allegra 120","MedPlus Mart","ALL-2402-80","1583","138.75","219641.25","2026-02-21",""
"PO-1163","2024-03-07","Dolo 650","Apollo Supply Chain","DOL-2403-12","960","22.13","21244.8","2026-03-07",""
"PO-1164","2024-03-07","Azithral 500","MedPlus Mart","AZI-2403-42","664","93.15","61851.6","2026-03-07",""
"PO-1165","2024-03-07","Pan 40","Apollo Supply Chain","PAN-2403-88","623","119.67","74554.41","2026-03-07",""
"PO-1166","2024-03-07","Glycomet 500","MedPlus Mart","GLY-2403-99","501","17.37","8702.37","2026-03-07",""
"PO-1167","2024-03-07","Telma 40","Apollo Supply Chain","TEL-2403-73","822","171.22","140742.84","2026-03-07",""
"PO-1168","2024-03-07","Allegra 120","MedPlus Mart","ALL-2403-83","1505","152.42","229392.1","2026-03-07",""
"PO-1169","2024-03-25","Dolo 650","Hetero Healthcare","DOL-2403-28","678","21.69","14705.82","2026-03-25",""
"PO-1170","2024-03-25","Azithral 500","MedPlus Mart","AZI-2403-84","982","86.69","85129.58","2026-03-25",""
"PO-1171","2024-03-25","Pan 40","Apollo Supply Chain","PAN-2403-22","722","109.83","79297.26","2026-03-25",""
"PO-1172","2024-03-25","Glycomet 500","Apollo Supply Chain","GLY-2403-53","617","169.1","10433.47","2026-03-25",""
"PO-1173","2024-03-25","Telma 40","Apollo Supply Chain","","554","0","94479.16","2026-03-25",""
"PO-1174","2024-03-25","Allegra 120","Hetero Healthcare","ALL-2403-83","1383","146.91","203176.53","2026-03-25",""
"PO-1175","2024-04-14","Dolo 650","MedPlus Mart","DOL-2404-91","850","21.54","18309","2026-04-14",""
"PO-1176","2024-04-14","Azithral 500","Hetero Healthcare","AZI-2404-33","788","85.58","67437.04","2026-04-14",""
"PO-1177","2024-04-14","Pan 40","Apollo Supply Chain","PAN-2404-56","640","113.59","72697.6","2026-04-14",""
"PO-1178","2024-04-14","Glycomet 500","MedPlus Mart","GLY-2404-87","621","16.13","10016.73","2026-04-14",""
"PO-1179","2024-04-14","Telma 40","Hetero Healthcare","TEL-2404-29","635","171.65","108997.75","2026-04-14",""
"PO-1180","2024-04-14","Allegra 120","MedPlus Mart","ALL-2404-87","556","148.8","82732.8","2026-04-14",""
"PO-1181","2024-04-27","Dolo 650","Hetero Healthcare","DOL-2404-55","888","21.35","18958.8","2026-04-27",""
"PO-1182","2024-04-27","Azithral 500","MedPlus Mart","AZI-2404-28","678","93.23","63209.94","2026-04-27",""
"PO-1183","2024-04-27","Pan 40","Hetero Healthcare","PAN-2404-41","669","114.37","76513.53","2026-04-27",""
"PO-1184","2024-04-27","Glycomet 500","MedPlus Mart","GLY-2404-57","910","16.45","14969.5","2026-04-27",""
"PO-1185","2024-04-27","Telma 40","Apollo Supply Chain","TEL-2404-50","529","158.86","84036.94","2026-04-27",""
"PO-1186","2024-04-27","Allegra 120","Hetero Healthcare","ALL-2404-16","838","146.23","122540.74","2026-04-27",""
"PO-1187","2024-05-15","Dolo 650","Apollo Supply Chain","DOL-2405-35","1823","22.16","40397.68","2026-05-15",""
"PO-1188","2024-05-15","Azithral 500","Apollo Supply Chain","AZI-2405-91","685","87.63","60026.55","2026-05-15",""
"PO-1189","2024-05-15","Pan 40","Hetero Healthcare","PAN-2405-38","992","117.5","116560","2026-05-15",""
"PO-1190","2024-05-15","Glycomet 500","MedPlus Mart","GLY-2405-45","716","16.79","12021.64","2026-05-15",""
"PO-1191","2024-05-15","Telma 40","Apollo Supply Chain","TEL-2405-79","746","155.82","116241.72","2026-05-15",""
"PO-1192","2024-05-15","Allegra 120","MedPlus Mart","ALL-2405-91","691","149.61","103380.51","2026-05-15",""
"PO-1193","2024-05-30","Dolo 650","MedPlus Mart","DOL-2405-47","1502","23.28","34966.56","2026-05-30",""
"PO-1194","2024-05-30","Azithral 500","Hetero Healthcare","AZI-2405-58","668","85.81","57321.08","2026-05-30",""
"PO-1195","2024-05-30","Pan 40","Hetero Healthcare","PAN-2405-18","521","116.7","60800.7","2026-05-30",""
"PO-1196","2024-05-30","Glycomet 500","Apollo Supply Chain","GLY-2405-32","875","15.92","13930","2026-05-30",""
"PO-1197","2024-05-30","Telma 40","MedPlus Mart","TEL-2405-85","801","156.82","125612.82","2026-05-30",""
"PO-1198","2024-05-30","Allegra 120","Apollo Supply Chain","ALL-2405-63","679","152.39","103472.81","2026-05-30",""
"PO-1199","2024-06-18","Dolo 650","Hetero Healthcare","DOL-2406-77","1302","22.63","29464.26","2026-06-18",""
"PO-1200","2024-06-18","Azithral 500","MedPlus Mart","AZI-2406-75","509","93.98","47835.82","2026-06-18",""
"PO-1201","2024-06-18","Pan 40","Apollo Supply Chain","PAN-2406-36","522","112.56","58756.32","2026-06-18",""
"PO-1202","2024-06-18","Glycomet 500","MedPlus Mart","GLY-2406-67","691","16.56","11442.96","2026-06-18",""
"PO-1203","2024-06-18","Telma 40","MedPlus Mart","TEL-2406-65","993","167.86","166684.98","2026-06-18",""
"PO-1204","2024-06-18","Allegra 120","MedPlus Mart","ALL-2406-15","706","144.31","101882.86","2026-06-18",""
"PO-1205","2024-07-06","Dolo 650","Apollo Supply Chain","DOL-2407-59","1235","21.47","26515.45","2026-07-06",""
"PO-1206","2024-07-06","Azithral 500","MedPlus Mart","AZI-2407-35","974","83.95","81767.3","2026-07-06",""
"PO-1207","2024-07-06","Pan 40","MedPlus Mart","PAN-2407-49","600","112.13","67278","2026-07-06",""
"PO-1208","2024-07-06","Glycomet 500","Hetero Healthcare","GLY-2407-36","969","16.7","16182.3","2026-07-06",""
"PO-1209","2024-07-06","Telma 40","Apollo Supply Chain","TEL-2407-95","829","155.64","129025.56","2026-07-06",""
"PO-1210","2024-07-06","Allegra 120","Apollo Supply Chain","ALL-2407-63","627","158.18","99178.86","2026-07-06",""
"PO-1211","2024-07-20","Dolo 650","MedPlus Mart","DOL-2407-45","1469","23.99","35241.31","2026-07-20",""
"PO-1212","2024-07-20","Azithral 500","Hetero Healthcare","AZI-2407-45","763","84.49","64465.87","2026-07-20",""
"PO-1213","2024-07-20","Pan 40","Hetero Healthcare","PAN-2407-42","790","116.98","92414.2","2026-07-20",""
"PO-1214","2024-07-20","Glycomet 500","MedPlus Mart","GLY-2407-68","888","16.19","14376.72","2026-07-20",""
"PO-1215","2024-07-20","Telma 40","Hetero Healthcare","TEL-2407-44","502","171.01","85847.02","2026-07-20",""
"PO-1216","2024-07-20","Allegra 120","Hetero Healthcare","ALL-2407-49","724","142.51","103177.24","2026-07-20",""
"PO-1217","2024-08-01","Dolo 650","Apollo Supply Chain","DOL-2408-15","1526","21.09","32183.34","2026-08-01",""
"PO-1218","2024-08-01","Azithral 500","MedPlus Mart","AZI-2408-35","925","88.87","82204.75","2026-08-01",""
"PO-1219","2024-08-01","Pan 40","Apollo Supply Chain","PAN-2408-14","696","119.81","83387.76","2026-08-01",""
"PO-1220","2024-08-01","Glycomet 500","Hetero Healthcare","GLY-2408-73","769","17.64","13565.16","2026-08-01",""
"PO-1221","2024-08-01","Telma 40","MedPlus Mart","TEL-2408-79","813","169.78","138031.14","2026-08-01",""
"PO-1222","2024-08-01","Allegra 120","Hetero Healthcare","ALL-2408-26","758","157.07","119059.06","2026-08-01",""
"PO-1223","2024-08-21","Dolo 650","Hetero Healthcare","DOL-2408-84","1751","22.21","38889.71","2026-08-21",""
"PO-1224","2024-08-21","Azithral 500","Apollo Supply Chain","AZI-2408-61","509","87.4","44486.6","2026-08-21",""
"PO-1225","2024-08-21","Pan 40","Apollo Supply Chain","PAN-2408-56","970","113.84","110424.8","2026-08-21",""
"PO-1226","2024-08-21","Glycomet 500","Hetero Healthcare","GLY-2408-52","846","17.02","14398.92","2026-08-21",""
"PO-1227","2024-08-21","Telma 40","Hetero Healthcare","TEL-2408-11","918","161.66","148403.88","2026-08-21",""
"PO-1228","2024-08-21","Allegra 120","Hetero Healthcare","ALL-2408-58","799","144.69","115607.31","2026-08-21",""
"PO-1229","2024-09-06","Dolo 650","MedPlus Mart","DOL-2409-76","857","21.62","18528.34","2026-09-06","2099-01-01"
"PO-1230","2024-09-06","Azithral 500","Apollo Supply Chain","AZI-2409-75","551","86.33","47567.83","2026-09-06",""
"PO-1231","2024-09-06","Pan 40","MedPlus Mart","PAN-2409-86","559","122.94","68723.46","2026-09-06",""
"PO-1232","2024-09-06","Glycomet 500","MedPlus Mart","GLY-2409-97","560","17.36","9721.6","2026-09-06",""
"PO-1233","2024-09-06","Telma 40","Apollo Supply Chain","TEL-2409-34","757","155.86","117986.02","2026-09-06",""
"PO-1234","2024-09-06","Allegra 120","Hetero Healthcare","ALL-2409-14","1165","158.34","184466.1","2026-09-06",""
"PO-1235","2024-09-16","Dolo 650","MedPlus Mart","DOL-2409-10","749","23.37","17504.13","2026-09-16",""
"PO-1236","2024-09-16","Azithral 500","Hetero Healthcare","AZI-2409-34","686","94.47","64806.42","2026-09-16",""
"PO-1237","2024-09-16","Pan 40","MedPlus Mart","PAN-2409-47","553","116.42","64380.26","2026-09-16",""
"PO-1238","2024-09-16","Glycomet 500","Hetero Healthcare","GLY-2409-56","801","15.79","12647.79","2026-09-16",""
"PO-1239","2024-09-16","Telma 40","Apollo Supply Chain","TEL-2409-75","828","154.69","128083.32","2026-09-16",""
"PO-1240","2024-09-16","Allegra 120","Apollo Supply Chain","ALL-2409-14","1214","148.26","179987.64","2026-09-16",""
"PO-1241","2024-10-02","Dolo 650","Hetero Healthcare","DOL-2410-10","961","21.92","21065.12","2026-10-02",""
"PO-1242","2024-10-02","Azithral 500","MedPlus Mart","AZI-2410-77","1645","89.32","146931.4","2026-10-02",""
"PO-1243","2024-10-02","Pan 40","Hetero Healthcare","PAN-2410-62","509","120.5","61334.5","2026-10-02",""
"PO-1244","2024-10-02","Glycomet 500","Hetero Healthcare","GLY-2410-76","771","17","13107","2026-10-02",""
"PO-1245","2024-10-02","Telma 40","MedPlus Mart","TEL-2410-89","978","167.15","163472.7","2026-10-02",""
"PO-1246","2024-10-02","Allegra 120","MedPlus Mart","ALL-2410-17","1521","157.45","239481.45","2026-10-02",""
"PO-1247","2024-10-13","Dolo 650","Hetero Healthcare","DOL-2410-18","716","21.83","15630.28","2026-10-13",""
"PO-1248","2024-10-13","Azithral 500","Apollo Supply Chain","AZI-2410-16","1502","89.29","134113.58","2026-10-13",""
"PO-1249","2024-10-13","Pan 40","Apollo Supply Chain","PAN-2410-74","658","122.24","80433.92","2026-10-13",""
"PO-1250","2024-10-13","Glycomet 500","Hetero Healthcare","GLY-2410-21","976","16.77","16367.52","2026-10-13",""
"PO-1251","2024-10-13","Telma 40","Hetero Healthcare","TEL-2410-97","783","164.15","128529.45","2026-10-13",""
"PO-1252","2024-10-13","Allegra 120","Apollo Supply Chain","ALL-2410-89","1592","147.27","234453.84","2026-10-13",""
"PO-1253","2024-10-30","Dolo 650","Hetero Healthcare","DOL-2410-86","913","23.64","21583.32","2026-10-30",""
"PO-1254","2024-10-30","Azithral 500","Apollo Supply Chain","AZI-2410-45","1283","84.65","108605.95","2026-10-30",""
"PO-1255","2024-10-30","Pan 40","Hetero Healthcare","PAN-2410-67","537","111.05","59633.85","2026-10-30",""
"PO-1256","2024-10-30","Glycomet 500","Apollo Supply Chain","GLY-2410-64","874","16.23","14185.02","2026-10-30",""
"PO-1257","2024-10-30","Telma 40","MedPlus Mart","TEL-2410-78","520","173.83","90391.6","2026-10-30",""
"PO-1258","2024-10-30","Allegra 120","Apollo Supply Chain","ALL-2410-62","1522","142.52","216915.44","2026-10-30",""
"PO-1259","2024-11-13","Dolo 650","MedPlus Mart","DOL-2411-76","1475","23.99","35385.25","2026-11-13",""
"PO-1260","2024-11-13","Azithral 500","MedPlus Mart","AZI-2411-86","1377","86.38","118945.26","2026-11-13",""
"PO-1261","2024-11-13","Pan 40","Hetero Healthcare","PAN-2411-60","566","117.66","66595.56","2026-11-13",""
"PO-1262","2024-11-13","Glycomet 500","Apollo Supply Chain","GLY-2411-71","857","16.13","13823.41","2026-11-13",""
"PO-1263","2024-11-13","Telma 40","Hetero Healthcare","TEL-2411-45","710","159.32","113117.2","2026-11-13",""
"PO-1264","2024-11-13","Allegra 120","Apollo Supply Chain","ALL-2411-60","553","156.14","86345.42","2026-11-13",""
"PO-1265","2024-11-28","Dolo 650","MedPlus Mart","DOL-2411-41","1665","23.15","38544.75","2026-11-28",""
"PO-1266","2024-11-28","Azithral 500","Apollo Supply Chain","AZI-2411-44","1826","90.4","165070.4","2026-11-28",""
"PO-1267","2024-11-28","pan 40","MedPlus Mart","PAN-2411-56","520","122.91","63913.2","2026-11-28",""
"PO-1268","2024-11-28","Glycomet 500","Hetero Healthcare","GLY-2411-16","669","17.85","11941.65","2026-11-28",""
"PO-1269","2024-11-28","Telma 40","MedPlus Mart","TEL-2411-43","701","162.97","114241.97","2026-11-28",""
"PO-1270","2024-11-28","Allegra 120","Hetero Healthcare","ALL-2411-29","607","151.7","92081.9","2026-11-28",""
"PO-1271","2024-12-15","Dolo 650","Hetero Healthcare","DOL-2412-27","1266","22.92","29016.72","2026-12-15",""
"PO-1272","2024-12-15","Azithral 500","MedPlus Mart","AZI-2412-61","1576","91.95","144913.2","2026-12-15",""
"PO-1273","2024-12-15","Pan 40","MedPlus Mart","PAN-2412-55","787","119.68","94188.16","2026-12-15",""
"PO-1274","2024-12-15","Glycomet 500","MedPlus Mart","GLY-2412-95","991","17.1","16946.1","2026-12-15",""
"PO-1275","2024-12-15","Telma 40","MedPlus Mart","TEL-2412-74","788","159.85","125961.8","2026-12-15",""
"PO-1276","2024-12-15","Allegra 120","Apollo Supply Chain","ALL-2412-58","860","146.19","125723.4","2026-12-15",""
"PO-1277","2024-12-25","Dolo 650","MedPlus Mart","DOL-2412-92","1587","22.1","35072.7","2026-12-25",""
"PO-1278","2024-12-25","Azithral 500","MedPlus Mart","AZI-2412-47","1091","88.97","97066.27","2026-12-25",""
"PO-1279","2024-12-25","Pan 40","Apollo Supply Chain","PAN-2412-31","777","116.99","90901.23","2026-12-25",""
"PO-1280","2024-12-25","Glycomet 500","Hetero Healthcare","GLY-2412-62","957","16.19","15493.83","2026-12-25",""
"PO-1281","2024-12-25","Telma 40","MedPlus Mart","TEL-2412-98","906","160.72","145612.32","2026-12-25",""
"PO-1282","2024-12-25","Allegra 120","MedPlus Mart","ALL-2412-90","845","138.94","117404.3","2026-12-25",""
"PO-1283","2025-01-08","Dolo 650","Apollo Supply Chain","DOL-2501-82","739","23.96","17706.44","2027-01-08",""
"PO-1284","2025-01-08","Azithral 500","MedPlus Mart","AZI-2501-99","1455","88.1","128185.5","2027-01-08",""
"PO-1285","2025-01-08","Pan 40","Apollo Supply Chain","PAN-2501-67","877","111.12","97452.24","2027-01-08",""
"PO-1286","2025-01-08","Glycomet 500","MedPlus Mart","GLY-2501-13","554","16.27","9013.58","2027-01-08",""
"PO-1287","2025-01-08","Telma 40","MedPlus Mart","TEL-2501-13","736","163.68","120468.48","2027-01-08",""
"PO-1288","2025-01-08","Allegra 120","Hetero Healthcare","ALL-2501-76","895","149.03","133381.85","2027-01-08",""
"PO-1289","2025-01-20","Dolo 650","Apollo Supply Chain","DOL-2501-81","803","22.13","17770.39","2027-01-20",""
"PO-1290","2025-01-20","Azithral 500","Hetero Healthcare","AZI-2501-78","1307","92.78","121263.46","2027-01-20",""
"PO-1291","2025-01-20","Pan 40","MedPlus Mart","PAN-2501-79","911","123.13","112171.43","2027-01-20",""
"PO-1292","2025-01-20","Glycomet 500","Apollo Supply Chain","GLY-2501-55","855","16.83","14389.65","2027-01-20",""
"PO-1293","2025-01-20","Telma 40","Hetero Healthcare","TEL-2501-55","714","168.59","120373.26","2027-01-20",""
"PO-1294","2025-01-20","Allegra 120","Hetero Healthcare","ALL-2501-69","701","139.31","97656.31","2027-01-20",""
"PO-1295","2025-02-01","Dolo 650","Apollo Supply Chain","","700","22.51","15757","2027-02-01",""
"PO-1296","2025-02-01","Azithral 500","Apollo Supply Chain","AZI-2502-98","716","83.19","59564.04","2027-02-01",""
"PO-1297","2025-02-01","Pan 40","MedPlus Mart","PAN-2502-94","809","123.58","99976.22","2027-02-01",""
"PO-1298","2025-02-01","glycomet 500","Apollo Supply Chain","GLY-2502-44","702","17.02","11948.04","2027-02-01",""
"PO-1299","2025-02-01","Telma 40","Apollo Supply Chain","TEL-2502-50","995","167.3","166463.5","2027-02-01",""
"PO-1300","2025-02-01","Allegra 120","Hetero Healthcare","ALL-2502-56","1529","144.21","220497.09","2027-02-01",""
"PO-1301","2025-02-14","Dolo 650","MedPlus Mart","DOL-2502-51","658","22.33","14693.14","2027-02-14",""
"PO-1302","2025-02-14","Azithral 500","MedPlus Mart","AZI-2502-13","702","88.76","62309.52","2027-02-14",""
"PO-1303","2025-02-14","Pan 40","MedPlus Mart","PAN-2502-92","765","111.65","85412.25","2027-02-14",""
"PO-1304","2025-02-14","Glycomet 500","Apollo Supply Chain","GLY-2502-36","901","16.41","14785.41","2027-02-14",""
"PO-1305","2025-02-14","Telma 40","MedPlus Mart","TEL-2502-77","777","157.64","122486.28","2027-02-14",""
"PO-1306","2025-02-14","Allegra 120","MedPlus Mart","ALL-2502-49","1894","154.41","292452.54","2027-02-14",""
"PO-1307","2025-03-02","Dolo 650","MedPlus Mart","","598","22.62","13526.76","2027-03-02","2099-01-01"
"PO-1308","2025-03-02","Azithral 500","Apollo Supply Chain","AZI-2503-75","564","89.54","50500.56","2027-03-02",""
"PO-1309","2025-03-02","Pan 40","Apollo Supply Chain","PAN-2503-89","886","109.91","97380.26","2027-03-02",""
"PO-1310","2025-03-02","Glycomet 500","Hetero Healthcare","GLY-2503-36","912","17.4","15868.8","2027-03-02",""
"PO-1311","2025-03-02","Telma 40","Hetero Healthcare","TEL-2503-10","801","168.36","134856.36","2027-03-02",""
"PO-1312","2025-03-02","Allegra 120","Hetero Healthcare","ALL-2503-35","1773","157.55","279336.15","2027-03-02",""
"PO-1313","2025-03-12","Dolo 650","Hetero Healthcare","DOL-2503-45","977","23.35","22812.95","2027-03-12",""
"PO-1314","2025-03-12","Azithral 500","Apollo Supply Chain","AZI-2503-81","720","84.36","60739.2","2027-03-12",""
"PO-1315","2025-03-12","pan 40","Hetero Healthcare","PAN-2503-21","544","116.73","63501.12","2027-03-12",""
"PO-1316","2025-03-12","Glycomet 500","Hetero Healthcare","GLY-2503-52","840","17.98","15103.2","2027-03-12",""
"PO-1317","2025-03-12","Telma 40","Apollo Supply Chain","TEL-2503-22","685","168.41","115360.85","2027-03-12",""
"PO-1318","2025-03-12","Allegra 120","Hetero Healthcare","ALL-2503-56","1568","140.72","220648.96","2027-03-12",""
"PO-1319","2025-03-22","Dolo 650","Apollo Supply Chain","DOL-2503-33","522","22.55","11771.1","2027-03-22",""
"PO-1320","2025-03-22","Azithral 500","Apollo Supply Chain","AZI-2503-83","931","0","83017.27","2027-03-22",""
"PO-1321","2025-03-22","Pan 40","Hetero Healthcare","PAN-2503-67","613","123.36","75619.68","2027-03-22",""
"PO-1322","2025-03-22","Glycomet 500","MedPlus Mart","GLY-2503-29","542","16.26","8812.92","2027-03-22",""
"PO-1323","2025-03-22","telma 40","Apollo Supply Chain","TEL-2503-58","644","175.98","113331.12","2027-03-22",""
"PO-1324","2025-03-22","Allegra 120","Apollo Supply Chain","ALL-2503-25","1458","140.54","204907.32","2027-03-22",""
"PO-1325","2025-04-06","Dolo 650","MedPlus Mart","DOL-2504-18","708","23.65","16744.2","2027-04-06",""
"PO-1326","2025-04-06","Azithral 500","Hetero Healthcare","AZI-2504-55","806","91.33","73611.98","2027-04-06",""
"PO-1327","2025-04-06","Pan 40","Apollo Supply Chain","PAN-2504-92","714","112.86","80582.04","2027-04-06",""
"PO-1328","2025-04-06","Glycomet 500","Apollo Supply Chain","GLY-2504-18","667","15.84","10565.28","2027-04-06",""
"PO-1329","2025-04-06","Telma 40","Apollo Supply Chain","TEL-2504-89","933","161.32","150511.56","2027-04-06",""
"PO-1330","2025-04-06","Allegra 120","MedPlus Mart","ALL-2504-51","800","144.18","115344","2027-04-06",""
"PO-1331","2025-04-24","Dolo 650","MedPlus Mart","DOL-2504-73","859","22.24","19104.16","2027-04-24",""
"PO-1332","2025-04-24","Azithral 500","MedPlus Mart","AZI-2504-73","542","91.68","49690.56","2027-04-24",""
"PO-1333","2025-04-24","Pan 40","MedPlus Mart","PAN-2504-74","669","121.83","81504.27","2027-04-24",""
"PO-1334","2025-04-24","Glycomet 500","Apollo Supply Chain","GLY-2504-98","551","16.91","9317.41","2027-04-24",""
"PO-1335","2025-04-24","Telma 40","Hetero Healthcare","TEL-2504-86","888","154.21","136938.48","2027-04-24",""
"PO-1336","2025-04-24","Allegra 120","Apollo Supply Chain","ALL-2504-95","547","145.68","79686.96","2027-04-24",""
"PO-1337","2025-05-04","Dolo 650","Hetero Healthcare","DOL-2505-83","1507","23.91","36032.37","2027-05-04",""
"PO-1338","2025-05-04","Azithral 500","MedPlus Mart","AZI-2505-85","699","90.58","63315.42","2027-05-04",""
"PO-1339","2025-05-04","Pan 40","Hetero Healthcare","PAN-2505-53","961","113.31","108890.91","2027-05-04",""
"PO-1340","2025-05-04","Glycomet 500","Apollo Supply Chain","GLY-2505-70","707","16.29","11517.03","2027-05-04",""
"PO-1341","2025-05-04","Telma 40","Hetero Healthcare","TEL-2505-33","907","159.17","144367.19","2027-05-04",""
"PO-1342","2025-05-04","Allegra 120","Hetero Healthcare","ALL-2505-68","794","147.35","116995.9","2027-05-04",""
"PO-1343","2025-05-21","Dolo 650","Hetero Healthcare","DOL-2505-20","1472","21.68","31912.96","2027-05-21",""
"PO-1344","2025-05-21","Azithral 500","MedPlus Mart","AZI-2505-31","651","83.63","54443.13","2027-05-21",""
"PO-1345","2025-05-21","Pan 40","Apollo Supply Chain","PAN-2505-68","849","121.18","102881.82","2027-05-21",""
"PO-1346","2025-05-21","Glycomet 500","Apollo Supply Chain","GLY-2505-89","548","16.59","9091.32","2027-05-21",""
"PO-1347","2025-05-21","Telma 40","Hetero Healthcare","TEL-2505-26","505","154.4","77972","2027-05-21",""
"PO-1348","2025-05-21","Allegra 120","MedPlus Mart","ALL-2505-21","750","0","118177.5","2027-05-21",""
"PO-1349","2025-06-05","Dolo 650","Hetero Healthcare","DOL-2506-31","1292","21.1","27261.2","2027-06-05",""
"PO-1350","2025-06-05","Azithral 500","MedPlus Mart","AZI-2506-82","555","92.37","51265.35","2027-06-05",""
"PO-1351","2025-06-05","Pan 40","Apollo Supply Chain","PAN-2506-81","772","116.06","89598.32","2027-06-05",""
"PO-1352","2025-06-05","Glycomet 500","MedPlus Mart","GLY-2506-15","991","17.24","17084.84","2027-06-05",""
"PO-1353","2025-06-05","Telma 40","Apollo Supply Chain","TEL-2506-29","843","0","145080.3","2027-06-05",""
"PO-1354","2025-06-05","Allegra 120","Hetero Healthcare","ALL-2506-18","582","148.15","86223.3","2027-06-05",""
"PO-1355","2025-06-22","Dolo 650","Hetero Healthcare","DOL-2506-13","1195","24","28680","2027-06-22",""
"PO-1356","2025-06-22","Azithral 500","Apollo Supply Chain","AZI-2506-61","943","88.51","83464.93","2027-06-22",""
"PO-1357","2025-06-22","Pan 40","Hetero Healthcare","PAN-2506-84","853","121.14","103332.42","2027-06-22",""
"PO-1358","2025-06-22","Glycomet 500","MedPlus Mart","GLY-2506-99","557","17.6","9803.2","2027-06-22",""
"PO-1359","2025-06-22","Telma 40","Hetero Healthcare","","803","156.78","125894.34","2027-06-22",""
"PO-1360","2025-06-22","Allegra 120","Apollo Supply Chain","ALL-2506-88","799","141.55","113098.45","2027-06-22",""
"PO-1361","2025-07-02","Dolo 650","MedPlus Mart","DOL-2507-48","1397","21.27","29714.19","2027-07-02",""
"PO-1362","2025-07-02","Azithral 500","Hetero Healthcare","AZI-2507-82","718","89.74","64433.32","2027-07-02",""
"PO-1363","2025-07-02","Pan 40","Hetero Healthcare","","686","110.96","76118.56","2027-07-02",""
"PO-1364","2025-07-02","Glycomet 500","Apollo Supply Chain","GLY-2507-29","531","17.85","9478.35","2027-07-02",""
"PO-1365","2025-07-02","Telma 40","MedPlus Mart","TEL-2507-72","783","170.95","133853.85","2027-07-02",""
"PO-1366","2025-07-02","Allegra 120","MedPlus Mart","ALL-2507-16","646","153.12","98915.52","2027-07-02","2099-01-01"
"PO-1367","2025-07-18","Dolo 650","Hetero Healthcare","DOL-2507-71","1665","22.8","37962","2027-07-18",""
"PO-1368","2025-07-18","azithral 500","Apollo Supply Chain","AZI-2507-50","983","93.99","92392.17","2027-07-18",""
"PO-1369","2025-07-18","Pan 40","Hetero Healthcare","PAN-2507-34","691","116.96","80819.36","2027-07-18",""
"PO-1370","2025-07-18","Glycomet 500","Hetero Healthcare","GLY-2507-44","501","16.32","8176.32","2027-07-18",""
"PO-1371","2025-07-18","Telma 40","MedPlus Mart","TEL-2507-71","710","160.5","113955","2027-07-18",""
"PO-1372","2025-07-18","Allegra 120","Hetero Healthcare","ALL-2507-75","962","148.21","142578.02","2027-07-18",""
"PO-1373","2025-08-02","Dolo 650","Apollo Supply Chain","DOL-2508-24","1498","21.63","32401.74","2027-08-02",""
"PO-1374","2025-08-02","Azithral 500","Hetero Healthcare","AZI-2508-69","915","91.73","83932.95","2027-08-02",""
"PO-1375","2025-08-02","Pan 40","Apollo Supply Chain","PAN-2508-35","722","110.09","79484.98","2027-08-02",""
"PO-1376","2025-08-02","Glycomet 500","MedPlus Mart","GLY-2508-52","871","16.03","13962.13","2027-08-02",""
"PO-1377","2025-08-02","Telma 40","Hetero Healthcare","TEL-2508-98","780","160.31","125041.8","2027-08-02",""
"PO-1378","2025-08-02","Allegra 120","Hetero Healthcare","ALL-2508-55","984","155.72","153228.48","2027-08-02",""
"PO-1379","2025-08-20","Dolo 650","Apollo Supply Chain","DOL-2508-22","1559","23.7","36948.3","2027-08-20",""
"PO-1380","2025-08-20","Azithral 500","Apollo Supply Chain","AZI-2508-98","915","85.73","78442.95","2027-08-20",""
"PO-1381","2025-08-20","Pan 40","Apollo Supply Chain","PAN-2508-24","541","121.16","65547.56","2027-08-20",""
"PO-1382","2025-08-20","Glycomet 500","Apollo Supply Chain","GLY-2508-26","573","17.76","10176.48","2027-08-20",""
"PO-1383","2025-08-20","Telma 40","Hetero Healthcare","TEL-2508-32","599","173.5","103926.5","2027-08-20",""
"PO-1384","2025-08-20","Allegra 120","Apollo Supply Chain","","648","155.75","100926","2027-08-20",""
"PO-1385","2025-09-08","Dolo 650","Apollo Supply Chain","DOL-2509-48","691","23.74","16404.34","2027-09-08",""
"PO-1386","2025-09-08","Azithral 500","Apollo Supply Chain","AZI-2509-48","721","89.02","64183.42","2027-09-08",""
"PO-1387","2025-09-08","Pan 40","Apollo Supply Chain","PAN-2509-19","915","113.96","104273.4","2027-09-08",""
"PO-1388","2025-09-08","Glycomet 500","Apollo Supply Chain","GLY-2509-48","924","16.58","15319.92","2027-09-08",""
"PO-1389","2025-09-08","Telma 40","Hetero Healthcare","TEL-2509-41","861","172.48","148505.28","2027-09-08",""
"PO-1390","2025-09-08","Allegra 120","MedPlus Mart","ALL-2509-45","1459","157.74","230142.66","2027-09-08",""
"PO-1391","2025-09-18","Dolo 650","MedPlus Mart","DOL-2509-93","838","22.6","18938.8","2027-09-18",""
"PO-1392","2025-09-18","Azithral 500","MedPlus Mart","AZI-2509-28","626","83.67","52377.42","2027-09-18",""
"PO-1393","2025-09-18","Pan-40","MedPlus Mart","PAN-2509-52","817","109.63","89567.71","2027-09-18",""
"PO-1394","2025-09-18","Glycomet 500","MedPlus Mart","GLY-2509-29","577","15.76","9093.52","2027-09-18",""
"PO-1395","2025-09-18","Telma 40","MedPlus Mart","TEL-2509-65","532","175.69","93467.08","2027-09-18",""
"PO-1396","2025-09-18","Allegra 120","MedPlus Mart","ALL-2509-15","1181","153.22","180952.82","2027-09-18",""
"PO-1397","2025-10-03","Dolo 650","Apollo Supply Chain","DOL-2510-36","956","21.61","20659.16","2027-10-03",""
"PO-1398","2025-10-03","Azithral 500","Hetero Healthcare","AZI-2510-50","1532","86.64","132732.48","2027-10-03",""
"PO-1399","2025-10-03","Pan 40","MedPlus Mart","PAN-2510-98","669","117.95","78908.55","2027-10-03",""
"PO-1400","2025-10-03","Glycomet 500","MedPlus Mart","GLY-2510-53","652","16.64","10849.28","2027-10-03",""
"PO-1401","2025-10-03","Telma 40","Hetero Healthcare","TEL-2510-39","804","165.87","133359.48","2027-10-03",""
"PO-1402","2025-10-03","Allegra 120","Apollo Supply Chain","ALL-2510-98","1174","146.43","171908.82","2027-10-03",""
"PO-1403","2025-10-23","Dolo 650","Hetero Healthcare","DOL-2510-52","533","23.58","12568.14","2027-10-23",""
"PO-1404","2025-10-23","Azithral 500","MedPlus Mart","AZI-2510-29","1579","87.41","138020.39","2027-10-23",""
"PO-1405","2025-10-23","Pan 40","Apollo Supply Chain","PAN-2510-46","885","112.25","99341.25","2027-10-23",""
"PO-1406","2025-10-23","Glycomet 500","MedPlus Mart","GLY-2510-69","789","16.5","13018.5","2027-10-23",""
"PO-1407","2025-10-23","Telma 40","Apollo Supply Chain","TEL-2510-13","575","170.97","98307.75","2027-10-23",""
"PO-1408","2025-10-23","Allegra 120","Hetero Healthcare","ALL-2510-69","1233","155.1","191238.3","2027-10-23",""
"PO-1409","2025-11-07","dolo 650","Apollo Supply Chain","DOL-2511-40","1507","23.62","35595.34","2027-11-07",""
"PO-1410","2025-11-07","Azithral 500","Apollo Supply Chain","AZI-2511-83","1087","0","97058.23","2027-11-07",""
"PO-1411","2025-11-07","Pan 40","Hetero Healthcare","PAN-2511-31","663","115.28","76430.64","2027-11-07",""
"PO-1412","2025-11-07","Glycomet 500","MedPlus Mart","GLY-2511-62","616","17.17","10576.72","2027-11-07",""
"PO-1413","2025-11-07","Telma 40","MedPlus Mart","TEL-2511-15","813","170.63","138722.19","2027-11-07",""
"PO-1414","2025-11-07","Allegra 120","Apollo Supply Chain","ALL-2511-80","598","145.73","87146.54","2027-11-07",""
"PO-1415","2025-11-26","Dolo 650","Hetero Healthcare","DOL-2511-54","1240","21.18","26263.2","2027-11-26",""
"PO-1416","2025-11-26","Azithral 500","Apollo Supply Chain","AZI-2511-10","1778","83.62","148676.36","2027-11-26",""
"PO-1417","2025-11-26","Pan 40","MedPlus Mart","PAN-2511-86","937","114.79","107558.23","2027-11-26",""
"PO-1418","2025-11-26","Glycomet 500","Hetero Healthcare","GLY-2511-84","920","17.27","15888.4","2027-11-26",""
"PO-1419","2025-11-26","Telma 40","MedPlus Mart","TEL-2511-27","568","175.92","99922.56","2027-11-26",""
"PO-1420","2025-11-26","Allegra 120","Hetero Healthcare","ALL-2511-59","638","143.61","91623.18","2027-11-26",""
